,accuracy,precision,recall,f1,auc
0,0.5,0.25,0.5,0.33333333333333326,1.0
1,0.5,0.25,0.5,0.33333333333333326,1.0
